file_name,avg_x,avg_y,max_distance
1,47.08716417910448,180.9729104477612,1.3530430398957038
10,69.0851509054326,121.28939637826961,0.539788257548069
100,79.05089285714287,104.1494642857143,2.318380210075441
101,148.64220930232557,74.73825581395347,1.639518794247287
102,216.17099999999996,154.06514285714286,1.9263789918934
103,60.20249999999999,165.01615384615383,0.7344267025108172
104,110.40333333333335,124.52244444444443,1.542559697306118
105,48.61450479233227,175.67520766773163,3.8538358304221094
106,49.836716417910445,166.45597014925372,3.3121019849820286
107,60.470952380952376,187.15404761904762,1.4031743450585188
108,101.6548275862069,235.65896551724137,2.747979865512168
109,176.62222222222223,68.76355555555554,2.2222335666377204
11,69.27785714285714,181.38816326530613,0.16422920184057363
110,168.39085365853657,200.7281707317073,2.2706116457217056
111,161.33272727272725,198.4631313131313,1.7530928141018496
112,125.97532608695651,129.298125,2.694933416980404
113,154.62271604938272,187.7772839506173,2.292001645717536
114,92.66051724137932,150.04051724137935,2.149267842595488
115,133.8032608695652,239.5891304347826,1.9084248223227327
116,72.18177777777777,86.11911111111111,3.287716795649392
117,132.7584210526316,170.66368421052633,3.7852289457502137
118,213.9308,201.23539999999997,2.725717116650246
119,110.89483333333332,234.57524999999998,4.047456105211174
12,68.22105263157894,214.71,1.2152413893334106
120,136.37573529411765,71.33926470588236,2.0408795448553456
121,214.58317647058823,194.80270588235294,2.489803630338555
122,106.89607843137254,237.7230392156863,2.7289380804454004
123,200.97196969696967,208.52651515151516,5.988878401564287
124,106.95326086956524,74.4936956521739,1.7300786448026935
125,209.07533333333336,203.8254444444444,1.8057501604527542
126,212.24738095238095,169.8320238095238,2.649243198848315
127,79.08823529411765,76.24088235294118,1.9505816052182763
128,94.71567307692308,232.13932692307694,1.6577005454462594
129,118.39023255813953,237.7418604651163,3.7870251292230726
13,75.31030927835052,80.3159793814433,4.252872743253089
130,55.24142857142858,126.55857142857143,5.379177161869218
131,121.22636363636364,170.22261363636363,0.6765265967083007
132,160.57909090909092,163.19454545454545,2.820229461387125
133,97.09058201058201,153.93269841269841,0.61370477111828
134,48.80858064516129,152.53167741935485,3.0483391018580535
135,157.2384375,129.16562499999998,1.566753117766563
136,217.33375,129.488125,5.370048191415506
137,109.7376363636364,88.65545454545455,1.1691981995162282
138,146.2586764705882,63.91132352941178,1.716399438613306
139,94.15796610169491,186.54525423728816,2.1650121261701463
14,74.26159268929504,117.18281984334205,0.7164753023886148
140,88.46182242990653,230.47831775700934,2.676110404833045
141,171.26536585365855,227.29024390243902,3.2911955086661124
142,153.69393939393942,235.1718181818182,9.048115694026475
143,54.07733333333333,191.4,3.8730600018303076
144,155.08368421052631,160.58973684210528,1.801907749413424
145,74.54666666666665,180.53483870967744,1.4822128572947504
146,152.14155963302753,163.94119266055048,1.2899826475736844
147,94.11487577639751,112.68729813664595,2.6287044287789643
148,57.614893617021266,202.0944680851064,1.712694553817557
149,102.7907608695652,230.5367391304348,1.3907646923847574
15,85.4723076923077,227.59884615384615,2.2421844866534313
150,52.24499999999998,130.8682558139535,7.018054467393482
151,132.13223880597016,178.83582089552237,1.9387174787062178
152,142.54088050314465,181.59465408805028,0.8053463932867201
153,122.45036231884056,240.7853623188406,3.0605971594926746
154,112.45859649122808,182.39631578947368,3.8848533715807907
155,49.74927536231884,166.4257971014493,3.7237303158013932
156,218.03763157894738,130.76657894736843,5.325796846469219
157,213.34012987012986,158.2017316017316,2.4181238447876994
158,219.2754285714286,168.9922857142857,2.493500203590538
159,203.27970588235294,101.74058823529413,2.935207251455435
16,91.61090725806451,177.7847580645161,1.079143026652428
160,145.9854022988506,234.8989655172414,2.4500751388522284
161,65.30324675324674,212.17025974025972,0.8986224441796338
162,145.42753012048195,110.00740963855421,2.927187192249589
163,106.47237588652482,176.7018085106383,1.4064901668004655
164,132.354,161.71777777777777,1.6505315118485326
165,165.88915451895042,235.74973760932946,2.848332164436617
166,173.47690721649488,167.53886597938143,1.2840470515888711
167,199.5815254237288,169.9885875706215,2.6962404930663104
168,121.49125423728813,166.64142372881355,3.5054419494739864
169,129.74317073170732,67.31170731707317,5.761088421274163
17,94.20063157894738,112.60494736842105,2.8713781088124435
170,178.91621212121214,224.86636363636364,6.455309090194979
171,154.98804347826083,160.71369565217393,1.4013565194188984
172,172.60133333333332,134.9161904761905,1.7406909150329146
173,134.58,239.5722784810126,2.516285714912031
174,170.9379746835443,203.90886075949365,0.7964925212985535
175,171.04349999999997,227.1195,2.4872117923490498
176,193.74725,216.54825,4.158878529724093
177,79.19351351351351,76.31945945945947,2.9475586213255296
178,146.01968253968255,63.896825396825406,3.8194642300044035
179,170.44674418604654,68.46023255813954,2.4427208340316615
18,95.5651923076923,70.76544871794871,2.6034336759358285
180,197.9877777777778,90.67711111111113,5.988290421550962
181,132.2240277777778,169.5157638888889,2.6097495092373193
182,201.80637096774194,207.9729032258064,3.379833311200135
183,88.99191489361702,201.68872340425528,0.6529385122426176
184,172.9125,215.57181818181817,1.0514429528309641
185,188.55500000000004,220.2014814814815,8.925715728660752
186,152.48619047619044,235.36714285714282,4.27966941419367
187,94.09382812499999,186.52054687499998,1.1686327282825906
188,131.81024096385545,125.64759036144578,2.338593148158581
189,58.94641025641027,201.814358974359,2.4045002870671692
19,94.75890410958905,231.8015068493151,1.9245075990933453
190,95.42418181818182,70.82727272727271,0.30984661627946836
191,110.70536082474227,235.71030927835054,3.5471758723167843
192,207.18985507246376,164.65449275362317,2.570580756021973
193,101.09137123745819,72.44040133779264,2.735354195800096
194,54.55714285714286,128.13657142857141,2.09847357546831
195,62.9259,209.11889999999997,1.0913459671432935
196,153.93459459459459,175.6235135135135,2.5463553065054714
197,155.17276923076926,187.82107692307693,1.1436875168045992
198,112.21166666666669,181.67256410256408,1.5332307497199558
199,131.96068181818185,178.91113636363636,2.4123982657434926
2,49.01911764705882,152.16867647058822,4.060750387151049
20,97.04112903225808,75.51112903225804,2.4735404887383012
200,213.85490566037737,200.80150943396222,1.5872154103929408
201,190.61878787878786,218.7128787878788,5.155206317976062
202,74.55244897959184,180.64795918367346,1.4309423037698037
203,94.17406779661017,211.73677966101693,2.050056998527968
204,203.36627906976747,101.3839534883721,2.726991559166287
205,123.14883720930231,68.93488372093023,5.268338919455949
206,179.73373737373737,224.5339393939394,8.216942167114004
207,144.1368650793651,172.58063492063494,2.7427856148930383
208,214.38446808510636,194.72936170212765,2.501985413527942
209,170.55025974025972,68.8057142857143,2.607256904235212
21,97.09653846153846,153.90307692307692,0.6951634476401215
210,150.79545816733068,208.6650199203187,1.2193043911845423
211,49.82416666666667,166.55064814814816,2.4719446542752035
212,217.6291891891892,187.88,3.138767292564657
213,163.87448979591835,65.07469387755101,2.162810281370683
214,76.0954347826087,220.52717391304347,1.5190566730057762
215,174.6861111111111,73.4424074074074,2.2740807244443726
216,181.93158536585366,73.23109756097561,3.1926995704721874
217,51.72839999999999,131.696,3.6616163862425557
218,196.63058823529417,89.4844117647059,4.962387570305692
219,95.84703488372094,71.09697674418607,1.4901866675296904
22,97.28566037735848,225.37672955974844,1.2220664913318615
220,117.03815602836877,171.76702127659576,0.3553235514513602
221,132.09976923076923,178.84946153846155,1.0888541776189993
222,171.32883333333334,202.66516666666666,2.4636087464440353
223,208.40403846153848,204.67499999999998,2.5224741672723128
224,134.6300900900901,239.83162162162168,1.2615162933920536
225,169.7912121212121,79.17636363636365,2.391103364231432
226,85.38696969696969,71.04070707070707,1.769604357384809
227,57.582058823529415,190.47926470588234,0.8230674781142931
228,93.99327586206896,232.32275862068965,1.971965865765208
229,121.66777777777779,240.7551111111111,2.4775893201872967
23,101.259375,72.32193181818182,3.200843040200666
230,161.2382096069869,198.53013100436684,1.4031280369843047
231,150.30547619047618,81.51857142857142,2.363077821694238
232,48.80685279187818,152.6731979695431,2.43921428431808
233,97.008,153.966,0.7688432870227854
234,74.12692660550458,80.97825688073394,2.0794427640570348
235,159.86229166666666,163.16416666666666,3.241384366724683
236,142.429375,181.56854166666668,1.147066192812973
237,213.5982389937107,200.98591194968554,2.11086430525158
238,57.58905660377359,122.48264150943398,3.663412207170233
239,155.0816339869281,187.80712418300652,1.2848671095705881
24,100.88126865671641,158.3742537313433,0.3899621135301032
240,153.9790909090909,63.53030303030302,3.9804352217612173
241,172.6176373626374,134.91,2.0925046981370787
242,213.7986046511628,195.6005426356589,2.4522563398186
243,65.33895061728396,212.436975308642,0.5296380110994842
244,155.5011111111111,99.91722222222224,1.754264029144589
245,218.2087719298246,131.4001754385965,5.429819045996664
246,218.49214285714282,172.2052380952381,4.148058482270442
247,48.15860215053763,180.70774193548388,7.980813454587497
248,154.518,175.26666666666668,1.7988278899821841
249,128.73023255813953,68.62162790697674,3.734178768652811
25,106.57503759398496,176.66142857142856,1.2669009213372888
250,121.26438144329897,158.79690721649484,0.9035815902231712
251,202.86108108108107,100.31594594594596,7.715641101301352
252,74.40752688172044,180.60559139784945,3.295177114929284
253,189.48194915254237,219.29322033898308,4.02268111118956
254,201.81266666666667,208.04350000000002,4.0259449442887885
255,145.2240677966102,109.99305084745762,3.02212890902672
256,85.38027027027029,227.63202702702702,0.572027090875404
257,196.3264814814815,212.2377777777778,2.2179909794475927
258,179.80959183673468,156.4930612244898,2.2098391637242147
259,125.84893617021274,158.80021276595744,1.5188479348979151
26,106.72368421052632,237.86184210526315,2.4735306363302323
260,59.088269230769235,201.13538461538462,2.3657128680929085
261,116.59918604651162,193.13552325581395,1.1040289878822662
262,79.07522727272728,76.25886363636363,3.428458635553659
263,170.6079591836735,68.85408163265305,2.373300123818621
264,94.02377358490567,186.62566037735849,1.4422365547353546
265,164.04166666666666,65.29071428571429,3.907768021138094
266,209.3067391304348,118.82108695652173,7.750383080964541
267,178.80019607843136,224.95019607843136,2.241101374550287
268,216.56866666666662,148.03422222222224,1.515370011451021
269,96.94151315789475,154.0961842105263,0.8320399834783243
27,108.84795918367347,211.07234693877552,0.9326894837259029
270,69.09595041322315,99.23669421487602,1.339074882986161
271,175.82179487179485,68.45615384615384,2.336749893708377
272,170.93412371134022,227.39577319587625,3.01622362797604
273,95.02269565217392,232.7467826086957,2.870329516134188
274,54.395,127.77710526315786,2.291166494564995
275,120.60622950819672,76.09573770491804,0.644949806279725
276,151.8518918918919,235.24513513513517,7.839847468366069
277,79.52754901960783,156.47686274509806,1.8267114367634987
278,142.56835443037974,181.77291139240506,1.0639875055437389
279,162.76375,153.30291666666668,1.5117779497811266
28,110.94444444444444,234.2668518518519,1.516043839465824
280,170.97055172413795,141.24213793103448,0.7373887146735513
281,199.09377777777777,92.39644444444444,6.3603738728528505
282,221.72114285714284,151.6922857142857,3.1433332106967664
283,110.57934426229508,236.37196721311474,3.1634543847164305
284,181.773,73.10325,2.726790157401191
285,160.56466666666668,163.33016666666666,2.3230601525191155
286,173.3584090909091,167.56787878787878,1.41860187260445
287,216.11415094339623,154.16490566037734,1.735054176084419
288,54.939,187.0745454545455,1.7273142124204464
289,76.5935135135135,220.6845945945946,4.312200911172848
29,112.20819639278557,71.13859719438877,0.6786921662535179
290,87.81524590163934,70.1834426229508,5.8215446398776
291,88.45879310344826,230.64129310344825,0.7518584040564421
292,125.83858490566038,159.13264150943394,2.3088618283319287
293,196.36921568627452,212.13784313725492,2.58713206582664
294,180.47629629629625,224.0894444444444,4.70146580256943
295,105.74362068965519,237.28344827586207,3.6233882266987614
296,125.86931372549017,115.16911764705881,1.8882207816109895
297,170.92729166666666,203.65729166666665,3.102492627464586
298,155.55285714285714,99.79767857142858,2.0728110611324473
299,53.6036559139785,192.5111827956989,1.417666844093384
3,48.66229166666667,175.47562500000004,3.099090494380772
30,116.02125000000001,182.1073214285714,0.4553273799797385
300,132.03364583333334,178.9034375,2.5749215409096173
301,185.8143103448276,77.095,2.672386662821125
302,79.2944262295082,222.84475409836065,2.835399684927442
303,169.18057142857145,78.77314285714284,2.5996305074971913
304,164.04606557377045,65.1783606557377,2.9766377450942536
305,116.01094339622641,214.04245283018872,0.6146814796841167
306,72.0555072463768,85.82507246376811,2.413622474819896
307,118.44358490566036,240.49452830188685,3.687201137040276
308,153.71692307692308,64.2746153846154,3.7841552253086475
309,48.56036144578313,180.06819277108434,1.1112696631283039
31,117.3012087912088,191.54054945054946,2.1652869780096116
310,162.79,153.37310344827586,2.4180455153180715
311,132.3435064935065,171.3905194805195,0.5906739220922645
312,145.31641509433962,110.29320754716981,2.2527476992577946
313,193.93645161290326,216.4035483870968,2.141817743557609
314,203.51487179487177,104.26564102564102,4.239163157216808
315,221.88162162162163,162.32891891891896,1.8114727511400268
316,125.06272727272726,194.67939393939395,1.6347389521540003
317,106.0209375,175.77109374999998,2.546613967643188
318,201.6433846153846,208.18276923076925,3.2985305424756644
319,214.1127419354839,195.59225806451613,2.025854587726891
32,121.21306451612902,170.19483870967738,0.8116911246217651
320,96.43566666666666,71.29766666666669,1.0271502108044397
321,50.44405405405406,148.3291891891892,2.971384391302592
322,84.95604166666666,71.395,3.6141894898307143
323,134.62851063829785,239.85638297872345,1.0081425847834828
324,196.6391111111111,89.26955555555556,3.437627555433614
325,178.60195121951222,225.25512195121948,6.161006671995573
326,94.10363636363635,112.89545454545454,0.7540661128040098
327,118.5596,182.30920000000003,1.3779712623998839
328,58.146486486486474,201.0802702702703,2.1143400955014013
33,121.35256140350876,158.60950877192985,1.9277581185139374
34,121.57716535433072,166.51149606299208,0.9656188286479079
35,125.88949602122015,115.22655172413793,2.50408460935487
36,126.1657627118644,129.58389830508474,1.9593866038272454
37,127.80784274193547,238.78374999999997,1.9828019048008234
38,131.6035270541082,233.43124248496994,1.2342066634433537
39,136.522,71.61422222222222,5.195450108235132
4,54.371818181818185,127.91424242424243,2.68102424474645
40,139.16540540540538,66.19324324324323,3.127359089098903
41,144.70054347826087,172.60809782608695,2.5632623151450913
42,146.08642857142857,63.9752380952381,2.0152471672538574
43,145.3974538745387,224.15963099630994,0.5171872327105229
44,146.9498969072165,159.5221443298969,2.1158555751667683
45,152.18253968253967,163.89253968253968,0.6946497655654809
46,154.5475,175.01,0.5827145527614523
47,154.49464114832534,210.41258373205739,2.095779989924558
48,154.50393939393942,219.33450216450217,1.0995659653332805
49,161.23514285714285,99.30842857142859,1.689479312373719
5,55.68774390243903,159.08504065040648,1.3688288011108452
50,163.00193548387097,153.27812316715543,1.5241994952905256
51,164.7304,129.27759999999998,1.2187181462503733
52,169.44452127659574,79.27425531914893,2.4484693952488668
53,170.76973451327433,141.42796460176993,2.907645058900809
54,170.70204081632656,121.94734693877551,1.6874721402361654
55,171.0466,203.795,3.1179898267954504
56,172.63472868217056,134.99441860465114,1.3313803616727338
57,175.15827956989247,145.80913978494627,0.6842415476632262
58,185.03472727272722,159.9063636363636,1.239921965019864
59,189.47689320388352,219.54038834951456,3.4865290132564755
6,59.031503006012024,111.62078156312626,2.0013512129267053
60,193.64261904761906,217.18674603174605,3.315328275556435
61,201.69588235294117,208.12911764705882,1.418642712358797
62,201.3516826923077,193.19461538461536,2.2485837633765744
63,203.42475409836067,101.53098360655738,2.843055207553196
64,207.29000000000002,164.6904678362573,2.906555644736001
65,217.45367346938778,129.78897959183675,2.7586140125620826
66,72.22019230769232,86.01288461538464,3.02235782453476
67,76.27401639344262,220.37258196721314,7.272958437755227
68,173.54454545454544,167.51969696969698,0.6967236060931126
69,67.17450704225351,203.8561971830986,0.3362860329734606
7,58.09986885245901,196.10616393442623,1.3305417280099883
70,121.97873170731707,68.46282926829268,3.429021100968373
71,131.90325581395345,125.65511627906977,1.778658243938133
72,189.42454545454547,81.66250000000001,2.451818360889187
73,203.55331797235024,123.40094470046081,2.837959189669416
74,92.72555555555554,150.20111111111115,1.8838815983344421
75,197.08807228915663,91.38265060240963,2.6259256350013804
76,68.0921546961326,174.58994475138124,0.6768922357410443
77,172.90433333333334,215.04933333333332,1.6025373283917257
78,147.1325,234.88359375,7.697713567354859
79,161.6906779661017,235.5866101694915,2.011090037027054
8,60.42872340425532,186.95617021276595,1.6243143624405874
80,219.05484848484846,132.49151515151513,7.484079570368772
81,133.1290280777538,190.90058315334772,2.1073727898018806
82,157.14591836734695,129.08775510204083,1.8822964874426094
83,92.04941798941799,68.67185185185186,0.9754405114470156
84,130.45435897435894,67.9623076923077,3.6554344815874478
85,115.00573770491805,121.03754098360656,2.085144870735298
86,155.56644444444444,167.40457777777777,1.6193072037902203
87,65.29576470588235,212.06811764705878,0.5270006795659398
88,51.513648648648655,132.04189189189188,3.442177284722505
89,132.53848837209307,161.69255813953487,1.1095576287072533
9,62.88803278688525,209.1255737704918,0.7682962964507991
90,51.32095930232558,140.82973837209303,4.8010021180527795
91,171.30763157894737,66.90921052631579,3.224879585031071
92,69.30492063492062,98.92174603174603,3.0252719081791146
93,57.56386363636364,119.89545454545451,4.0729344065123785
94,179.08081632653062,224.7938775510204,2.153582536752928
95,106.98040816326531,89.64428571428572,3.1394891309466213
96,83.92959821428572,72.62834821428571,3.2753716033188924
97,199.66973684210524,169.87456140350875,2.4652631969102448
98,132.17342105263157,178.8813157894737,1.3176625089660428
99,171.5465306122449,227.0957142857143,3.5901534552954333
